<?xml version='1.0' encoding='utf-8' ?>
<?xml-stylesheet    href='xsl/show_queries.xsl' type='text/xsl' ?>
<queries>
  <query id='1'  reach_state='-1' />
  <query id='2'  reach_state='-1' />
  <query id='3'  reach_state='-1' />
  <query id='4'  reach_state='-1' />
  <query id='5'  reach_state='-1' />
  <query id='6'  reach_state='-1' />
  <query id='7'  reach_state='-1' />
  <query id='8'  reach_state='-1' />
  <query id='9'  reach_state='-1' />
  <query id='10' reach_state='-1' />
  <query id='11' reach_state='-1' />
  <query id='12' reach_state='-1' />
  <query id='13' reach_state='-1' />
  <query id='14' reach_state='-1' />
  <query id='15' reach_state='-1' />
  <query id='16' reach_state='-1' />
  <query id='17' reach_state='-1' />
  <query id='18' reach_state='-1' />
  <query id='19' reach_state='-1' />
  <query id='20' reach_state='-1' />
  <query id='21' reach_state='-1' />
  <query id='22' reach_state='-1' />
  <query id='23' reach_state='-1' />
  <query id='24' reach_state='-1' />
  <query id='25' reach_state='-1' />
  <query id='26' reach_state='-1' />
  <query id='27' reach_state='-1' />
  <query id='28' reach_state='-1' />
  <query id='29' reach_state='-1' />
  <query id='30' reach_state='-1' />
  <query id='31' reach_state='-1' />
  <query id='32' reach_state='-1' />
</queries>
